{
  "processors": [
    {
      "processor_type": "minecraft:rule",
      "rules": [
        {
          "location_predicate": {
            "predicate_type": "minecraft:block_match",
            "block": "minecraft:magenta_glazed_terracotta"
          },
          "input_predicate": {
            "predicate_type": "minecraft:always_true"
          },
          "output_state": {
            "Name": "minecraft:tnt",
            "Properties": {
              "unstable": "false"
            }
          }
        }
      ]
    }
  ]
}

