{
  "name": "dungeons_arise:fortified/thornborn_towers/thornborn_towers_spawners",
  "fallback": "minecraft:empty",
  "elements": [
    {
      "weight": 2,
      "element": {
        "location": "dungeons_arise:thornborn_towers/thornborn_towers_skeleton_juggernaut_0",
        "processors": "minecraft:empty",
        "projection": "rigid",
        "element_type": "minecraft:single_pool_element"
      }
    },
    {
      "weight": 2,
      "element": {
        "location": "dungeons_arise:thornborn_towers/thornborn_towers_skeleton_juggernaut_1",
        "processors": "minecraft:empty",
        "projection": "rigid",
        "element_type": "minecraft:single_pool_element"
      }
    },
    {
      "weight": 2,
      "element": {
        "location": "dungeons_arise:thornborn_towers/thornborn_towers_top_skeleton_juggernaut_0",
        "processors": "minecraft:empty",
        "projection": "rigid",
        "element_type": "minecraft:single_pool_element"
      }
    },
    {
      "weight": 2,
      "element": {
        "location": "dungeons_arise:thornborn_towers/thornborn_towers_skeleton_ranged_0",
        "processors": "minecraft:empty",
        "projection": "rigid",
        "element_type": "minecraft:single_pool_element"
      }
    },
    {
      "weight": 2,
      "element": {
        "location": "dungeons_arise:thornborn_towers/thornborn_towers_top_skeleton_ranged_0",
        "processors": "minecraft:empty",
        "projection": "rigid",
        "element_type": "minecraft:single_pool_element"
      }
    },
    {
      "weight": 1,
      "element": {
        "location": "dungeons_arise:thornborn_towers/thornborn_towers_witch_0",
        "processors": "minecraft:empty",
        "projection": "rigid",
        "element_type": "minecraft:single_pool_element"
      }
    },
    {
      "weight": 2,
      "element": {
        "location": "dungeons_arise:thornborn_towers/thornborn_towers_top_phantom_0",
        "processors": "minecraft:empty",
        "projection": "rigid",
        "element_type": "minecraft:single_pool_element"
      }
    }
  ]
}
