{
  "name": "dungeons_arise:underworld/scorched_mines/scorched_mines_corridors",
  "fallback": "dungeons_arise:underworld/scorched_mines/scorched_mines_terminators",
  "elements": [
    {
      "weight": 2,
      "element": {
        "location": "dungeons_arise:scorched_mines/scorched_mines_corridor_0_normal",
        "processors": "minecraft:empty",
        "projection": "rigid",
        "element_type": "minecraft:single_pool_element"
      }
    },
    {
      "weight": 3,
      "element": {
        "location": "dungeons_arise:scorched_mines/scorched_mines_corridor_1_spawner",
        "processors": "minecraft:empty",
        "projection": "rigid",
        "element_type": "minecraft:single_pool_element"
      }
    },
    {
      "weight": 4,
      "element": {
        "location": "dungeons_arise:scorched_mines/scorched_mines_corridor_3_spawner",
        "processors": "minecraft:empty",
        "projection": "rigid",
        "element_type": "minecraft:single_pool_element"
      }
    },
    {
      "weight": 1,
      "element": {
        "location": "dungeons_arise:scorched_mines/scorched_mines_crossing_1",
        "processors": "minecraft:empty",
        "projection": "rigid",
        "element_type": "minecraft:single_pool_element"
      }
    },
    {
      "weight": 3,
      "element": {
        "location": "dungeons_arise:scorched_mines/scorched_mines_crossing_2",
        "processors": "minecraft:empty",
        "projection": "rigid",
        "element_type": "minecraft:single_pool_element"
      }
    },
    {
      "weight": 3,
      "element": {
        "location": "dungeons_arise:scorched_mines/scorched_mines_crossing_3",
        "processors": "minecraft:empty",
        "projection": "rigid",
        "element_type": "minecraft:single_pool_element"
      }
    },
    {
      "weight": 3,
      "element": {
        "location": "dungeons_arise:scorched_mines/scorched_mines_stairway_0",
        "processors": "minecraft:empty",
        "projection": "rigid",
        "element_type": "minecraft:single_pool_element"
      }
    },
    {
      "weight": 1,
      "element": {
        "location": "dungeons_arise:scorched_mines/scorched_mines_barrels_0",
        "processors": "minecraft:empty",
        "projection": "rigid",
        "element_type": "minecraft:single_pool_element"
      }
    },
    {
      "weight": 1,
      "element": {
        "location": "dungeons_arise:scorched_mines/scorched_mines_barrels_1",
        "processors": "minecraft:empty",
        "projection": "rigid",
        "element_type": "minecraft:single_pool_element"
      }
    }
  ]
}
