{
  "name": "dungeons_arise:fungi/giant_mushroom/giant_mushroom_spawners",
  "fallback": "minecraft:empty",
  "elements": [
    {
      "weight": 1,
      "element": {
        "location": "dungeons_arise:giant_mushroom/giant_mushroom_skeleton_0_twins",
        "processors": "minecraft:empty",
        "projection": "rigid",
        "element_type": "minecraft:single_pool_element"
      }
    },
    {
      "weight": 1,
      "element": {
        "location": "dungeons_arise:giant_mushroom/giant_mushroom_skeleton_0_red",
        "processors": "minecraft:empty",
        "projection": "rigid",
        "element_type": "minecraft:single_pool_element"
      }
    }
  ]
}
