{
  "type": "minecraft:jigsaw",
  "start_pool": "dungeons_arise:eerie/aviary/aviary_start",
  "size": 7,
  "biomes": "#dungeons_arise:has_structure/aviary_biomes",
  "adapt_noise": false,
  "spawn_overrides": {
    "monster": {
      "bounding_box": "piece",
      "spawns": [
        {
          "type": "minecraft:phantom",
          "weight": 60,
          "minCount": 2,
          "maxCount": 3
        }
      ]
    }
  },
  "max_distance_from_center": 114,
  "step": "surface_structures",
  "start_height": {
    "absolute": 50
  },
  "use_expansion_hack": false
}
