{
  "name": "dungeons_arise:fungi/mushroom_village/mushroom_village_spawners",
  "fallback": "minecraft:empty",
  "elements": [
    {
      "weight": 1,
      "element": {
        "location": "dungeons_arise:mushroom_village/mushroom_village_piglin_brute_0",
        "processors": "minecraft:empty",
        "projection": "rigid",
        "element_type": "minecraft:single_pool_element"
      }
    },
    {
      "weight": 1,
      "element": {
        "location": "dungeons_arise:mushroom_village/mushroom_village_piglin_brute_1",
        "processors": "minecraft:empty",
        "projection": "rigid",
        "element_type": "minecraft:single_pool_element"
      }
    },
    {
      "weight": 1,
      "element": {
        "location": "dungeons_arise:mushroom_village/mushroom_village_piglin_brute_2",
        "processors": "minecraft:empty",
        "projection": "rigid",
        "element_type": "minecraft:single_pool_element"
      }
    },
    {
      "weight": 1,
      "element": {
        "location": "dungeons_arise:mushroom_village/mushroom_village_piglin_brute_3_mounted",
        "processors": "minecraft:empty",
        "projection": "rigid",
        "element_type": "minecraft:single_pool_element"
      }
    },
    {
      "weight": 1,
      "element": {
        "location": "dungeons_arise:mushroom_village/mushroom_village_piglin_crossbow_0",
        "processors": "minecraft:empty",
        "projection": "rigid",
        "element_type": "minecraft:single_pool_element"
      }
    },
    {
      "weight": 1,
      "element": {
        "location": "dungeons_arise:mushroom_village/mushroom_village_piglin_crossbow_1_mounted",
        "processors": "minecraft:empty",
        "projection": "rigid",
        "element_type": "minecraft:single_pool_element"
      }
    }
  ]
}
